shift,switch_gain,deltaC_gain
0,0.8097934151354713,0.3287061060475104
2,0.4789400022748747,0.23379008054870762
5,0.551761285629734,0.21454844956912061
10,0.5530643465053978,0.19865858003531287
20,0.5761594707817294,0.21067883990871497
