{
  "original": {
    "switch_gain_obs": 0.809793,
    "switch_gain_null_mean": 0.564516,
    "empirical_p": 0.004975,
    "vs_neural_p": 0.046143,
    "vs_quantum_p": 0.046143,
    "vs_simple_p": 0.046143,
    "vs_neural_val": 0.676953,
    "vs_quantum_val": 0.718208,
    "vs_simple_val": 0.709743,
    "state_auc": 0.791875,
    "state_accuracy": 0.695122,
    "state_n_rows": 82,
    "mean_abs_Pearson": 0.419253,
    "J_n_events": 226,
    "J_alpha": 4.350923,
    "J_R2": 0.787533,
    "kuramoto_R2": 0.021051,
    "shift0": 0.809793,
    "shift20": 0.576159
  },
  "random": {
    "switch_gain_obs": 0.55092,
    "switch_gain_null_mean": 0.55092,
    "empirical_p": 1.0,
    "vs_neural_p": 0.253906,
    "vs_quantum_p": 0.376953,
    "vs_simple_p": 0.636719,
    "vs_neural_val": 0.379242,
    "vs_quantum_val": 0.509803,
    "vs_simple_val": 0.655062,
    "state_auc": null,
    "state_accuracy": null,
    "state_n_rows": null,
    "mean_abs_Pearson": null,
    "J_n_events": 44,
    "J_alpha": 3.833719,
    "J_R2": 0.836521,
    "kuramoto_R2": 0.029277,
    "shift0": 0.55092,
    "shift20": 0.55092
  }
}