{
  "original": {
    "n_events": 226,
    "enter": 114,
    "exit": 112,
    "alpha_hat": 4.350922700970082,
    "R2": 0.7875328850344363
  },
  "random": {
    "n_events": 44,
    "enter": 22,
    "exit": 22,
    "alpha_hat": 3.833718792920535,
    "R2": 0.8365208436954701
  }
}