,Activation,Challenge,Surprise,SelfGrowth,CoCreation
Activation,0.043478260869565216,0.17391304347826086,0.3695652173913043,0.30434782608695654,0.10869565217391304
Challenge,0.32142857142857145,0.0,0.35714285714285715,0.14285714285714285,0.17857142857142858
Surprise,0.3114754098360656,0.21311475409836064,0.01639344262295082,0.19672131147540983,0.26229508196721313
SelfGrowth,0.21621621621621623,0.08108108108108109,0.35135135135135137,0.13513513513513514,0.21621621621621623
CoCreation,0.32142857142857145,0.14285714285714285,0.42857142857142855,0.10714285714285714,0.0
