label,n,a,b,r_aligned,rep_score,mean_abs_pearson
P22,6,-18.091844515022633,-8.75502083189776,0.8214231705024048,0.07270562388836957,0.2023567887106529
