label,n,pearson_E,pearson_Q,pearson_EQ,mean_abs_pearson,rep_score
P1,3,0.7565919761311094,0.9952150043617016,-0.8910784736778956,0.8759034902464056,0.8759034902464056
P15,3,0.6073397457793335,-0.9892404638064989,-0.6526051741016843,0.7982901047929162,0.30366987288966674
P21,3,-0.3388431503725263,-0.9963926566002034,0.9524764076089467,0.6676179034863648,0.0
P11,8,-0.7330648137804265,0.5378683289563297,-0.06884707433335582,0.6354665713683781,0.26893416447816487
P9,6,0.30901709049043535,-0.8352698291280953,0.46780930783920494,0.5721434598092654,0.15450854524521768
