phi_well,U_well
0.1489768305499406,0.0
1.6131437547187422,1.1364701317455634
2.5448863428261608,1.8843576941430813
