nearest_well,CoCreation,Surprise
0.1489768305499406,46,91
1.6131437547187422,1,27
2.5448863428261608,0,9
